ZoneAlarm Security Suite,ZoneAlarm Security Suite,,,,,
McAfee Internet Security Suite 2005,McAfee Personal Firewall Plus,McAfee Privacy Service,Mcafee SecurityCenter,McAfee SpamKiller,VirusScan Online,{625BD732-ACDF-4552-BF22-98EBB413B6F3}
eTrust™ EZ Armor 2005/r3,EZ Firewall,,,,,
VirusBuster 2004 Real Security (Zondex),,,,,,
VirusBuster 2005 InternetSecurity (Zondex),,,,,,
MS A1 (Microsoft OneCare),,,,,,
Mcafee.com SecurityCenter,Mcafee SecurityCenter,,,,,
McAfee VirusScan 8.0,Mcafee SecurityCenter,VirusScan Online,,,,
McAfee VirusScan 8.0 Pro,{C4BA56E6-3DA9-4454-AD39-81FB11810984},Mcafee SecurityCenter,VirusScan Online,,,
McAfee VirusScan 9.0,Mcafee SecurityCenter,VirusScan Online,,,,
McAfee VirusScan 9.0 Pro,,,,,,
McAfee VirusScan 10.0,,,,,,
McAfee VirusScan 10.0 Pro,,,,,,
Trend Micro PC-Cillin Internet Security 2004,{3943C4CF-AC42-4E00-8824-25159B8478F1},,,,,
Trend Micro PC-Cillin Internet Security 2005,{7698EDA5-A90F-4205-99CB-8FF6F9048ED9},,,,,
Trend Micro PC-Cillin Internet Security 2006 ,,,,,,
CA Etrust EZ Antivirus 2004,,
CA Etrust EZ Antivirus 2005,VETWIN32Vp5,
Panda Antivirus Platinum 2004,{E91563B4-D9EC-11D5-A2BB-00606771B69D},
Panda Antivirus Platinum 2005,,
Panda Antivirus Titanium 2004,{BB85F18B-43C6-48B5-ABA9-6A5DDA65AA1B},Panda Antivirus Lite
Panda Antivirus Titanium 2005,{BB85F18B-43C6-48B5-ABA9-6A5DDA65AA1B},Panda Antivirus Lite
Kaspersky Anti-Virus Personal 4.0,,
Kaspersky Anti-Virus Personal 5.0,Kaspersky Anti-Virus Personal,
BitDefender 7.0 Standard ,,
BitDefender 8.0 Standard ,{4E3C690C-3266-4DF2-8D29-8A4870EEA807},
McAfee AOL Version (check to see if keys are different),,
G-Data AntiVirenKit 2005 (licensed by Kaspersky?),{31E9AC0D-24C4-4A6D-81D7-290263E3C131},
Authentium  (licensed by Kaspersky?),,
CA online version  (licensed by Kaspersky?),,
F-Secure Anti-Virus - - Version 4.6,,
F-secure- Version 5.0 feat. AntiSpam and Surfcontrol,,
F-secure- Version 5.01 (new revised version),F-Secure Anti-Spyware,F-Secure Anti-Virus,F-Secure Anti-Virus Client Security Installer,F-Secure DAAS,F-Secure Diagnostics,F-Secure E-mail Scanning,F-Secure FWES,F-Secure GUI,F-Secure Management Agent,F-Secure TNB
Zero Knowledge  (licensed by Kaspersky?),,,,,,,,,,
Rising 2005 (AV China),,,,,,,,,,
VirusBuster 2004 Real Security ,,,,,,,,,,
VirusBuster 2005 InternetSecurity,,,,,,,,,,
VirusSecurity 2004,,,,,,,,,,
VirusSecurity 2005,,,,,,,,,,
V3 VirusBlock 2004,,,,,,,,,,
V3 VirusBlock 2005 Internet Security (InterChannel/AhnLab),,,,,,,,,,
V3 VirusBlock 2005 Family Security (InterChannel/Ahnlab),,,,,,,,,,
Virus Doctor 2004,,,,,,,,,,
Trend Micro VirusBuster 2004 Real Security Monthly Ver.,,,,,,,,,,
Trend Micro VirusBuster 2005 InternetSecurity Monthly Ver.,,,,,,,,,,
AhnLab MyAntiVirus,,,,,,,,,,
AhnLab MyFirewall,,,,,,,,,,
Virus Doctor 9,,,,,,,,,,
ZoneLabs' ZoneAlarm (Pro version and free version),,
McAfee Firewall Plus,McAfee Personal Firewall Plus,Mcafee SecurityCenter
eTrust™ EZ Firewall 2005,EZ Firewall,
Norman Personal Firewall,,
Tiny Firewall,,
Dr. Ahn security pack for firewall (Korea),,
Agnitum Outpost Firewall (Pro version and free version),,
Virobot,,
i-Filter Personal Edition (FW bundled in NEC/Fujitsu PC),,
Sygate Firewall,,
BlackICE PC Protection,,
Kerio Firewall,,
Look 'n Stop Firewall,,
AVG Professional,,
Sophos,,
Tauscan,,
Vexira Antivirus Trial Version 2.0.0,,,,,,,,,,,,,,,
"(""AntiVir/XP"")AntiVir Personal Edition v6.26.00.01",,,,,,,,,,,,,,,
Avast! Antivirus v4.1.418,,,,,,,,,,,,,,,
Dr.Web ® for Windows,,,,,,,,,,,,,,,
F-Secure Internet Security 2005,F-Secure Anti-Spyware,F-Secure Anti-Virus,F-Secure Anti-Virus Client Security Installer,F-Secure DAAS,F-Secure Diagnostics,F-Secure E-mail Scanning,F-Secure FWES,F-Secure GUI,F-Secure Management Agent,F-Secure TNB,F-Secure Internet Shield,F-Secure Spam Control,F-Secure Spam Scanner,F-Secure TNB,F-Secure Web Filter
